date,store_id,product_id,quantity,price,discount,revenue,customer_id
2026-09-01,STORE_01,PROD_101,12,24.99,0.0,299.88,CUST_8821
2026-09-01,STORE_02,PROD_102,5,49.50,5.0,242.55,CUST_4412
2026-09-01,STORE_01,PROD_103,2,199.00,0.0,398.00,CUST_9910
2026-09-02,STORE_03,PROD_101,8,24.99,0.0,199.92,CUST_3124
2026-09-02,STORE_02,PROD_104,15,12.50,10.0,168.75,CUST_5519
2026-09-02,STORE_01,PROD_105,1,850.00,50.0,800.00,CUST_7720
2026-09-03,STORE_03,PROD_102,4,49.50,0.0,198.00,CUST_1102
2026-09-03,STORE_04,PROD_103,3,199.00,0.0,597.00,CUST_8842
2026-09-03,STORE_02,PROD_101,20,24.99,15.0,424.83,CUST_6631
2026-09-04,STORE_01,PROD_104,7,12.50,0.0,87.50,CUST_2290
2026-09-04,STORE_04,PROD_102,6,49.50,0.0,297.00,CUST_9931
2026-09-04,STORE_03,PROD_105,2,850.00,0.0,1700.00,CUST_4429
2026-09-05,STORE_02,PROD_103,1,199.00,0.0,199.00,CUST_1189
2026-09-05,STORE_01,PROD_101,14,24.99,5.0,332.37,CUST_5532
2026-09-05,STORE_04,PROD_104,10,12.50,0.0,125.00,CUST_7718
2026-09-06,STORE_03,PROD_102,8,49.50,10.0,356.40,CUST_3321
2026-09-06,STORE_02,PROD_105,3,850.00,25.0,2475.00,CUST_9944
2026-09-06,STORE_01,PROD_101,9,24.99,0.0,224.91,CUST_6619
2026-09-07,STORE_04,PROD_103,4,199.00,10.0,716.40,CUST_8830
2026-09-07,STORE_02,PROD_104,18,12.50,0.0,225.00,CUST_2217
