timestamp,device_id,temperature_c,pressure_kpa,vibration_hz,voltage_v,status
2026-09-01T00:00:00Z,SENSOR_ALPHA,24.2,101.3,45.1,12.02,NORMAL
2026-09-01T00:05:00Z,SENSOR_ALPHA,24.5,101.4,46.0,12.01,NORMAL
2026-09-01T00:10:00Z,SENSOR_ALPHA,24.8,101.2,45.8,12.03,NORMAL
2026-09-01T00:15:00Z,SENSOR_ALPHA,98.6,101.5,47.2,11.98,NORMAL
2026-09-01T00:20:00Z,SENSOR_ALPHA,185.4,450.9,980.5,2.15,OVERHEAT_SPIKE
2026-09-01T00:25:00Z,SENSOR_ALPHA,24.1,101.1,44.9,12.05,NORMAL
2026-09-01T00:30:00Z,SENSOR_BETA,22.0,100.8,38.2,11.95,NORMAL
2026-09-01T00:35:00Z,SENSOR_BETA,22.3,100.9,39.0,11.94,NORMAL
2026-09-01T00:40:00Z,SENSOR_BETA,-45.0,99.5,41.2,-5.20,OUTLIER_VOLTAGE
2026-09-01T00:45:00Z,SENSOR_BETA,22.1,101.0,38.5,11.96,NORMAL
2026-09-01T00:50:00Z,SENSOR_GAMMA,28.4,102.1,52.4,12.10,NORMAL
2026-09-01T00:55:00Z,SENSOR_GAMMA,28.6,102.3,53.1,12.08,NORMAL
2026-09-01T01:00:00Z,SENSOR_GAMMA,28.5,102.0,52.8,12.09,NORMAL
2026-09-01T01:05:00Z,SENSOR_GAMMA,310.0,890.2,1450.0,0.12,CRITICAL_FAULT
2026-09-01T01:10:00Z,SENSOR_GAMMA,28.7,102.2,53.0,12.11,NORMAL
2026-09-01T01:15:00Z,SENSOR_ALPHA,24.4,101.3,45.5,12.00,NORMAL
2026-09-01T01:20:00Z,SENSOR_ALPHA,24.6,101.4,46.2,12.02,NORMAL
2026-09-01T01:25:00Z,SENSOR_BETA,22.5,101.1,38.9,11.98,NORMAL
2026-09-01T01:30:00Z,SENSOR_GAMMA,28.8,102.4,52.9,12.07,NORMAL
2026-09-01T01:35:00Z,SENSOR_ALPHA,24.3,101.2,45.3,12.01,NORMAL
